{"cameraMode":{"drawMode":2,"name":"Shaded Wireframe","section":"Shading Mode"},"sceneLighting":true,"audioPlay":false,"sceneViewState":{"showFog":true,"showMaterialUpdate":false,"showSkybox":true,"showFlares":true,"showImageEffects":true,"showParticleSystems":true},"in2DMode":false,"pivot":{"x":-0.6370095014572144,"y":-1.069105625152588,"z":0.19832420349121095},"rotation":{"x":-0.4104529321193695,"y":0.41523972153663638,"z":-0.21793082356452943,"w":-0.7820766568183899},"size":3.1403090953826906,"orthographic":false}