{"cameraMode":{"drawMode":2,"name":"Shaded Wireframe","section":"Shading Mode"},"sceneLighting":true,"audioPlay":false,"sceneViewState":{"showFog":true,"showMaterialUpdate":false,"showSkybox":true,"showFlares":true,"showImageEffects":true,"showParticleSystems":true},"in2DMode":false,"pivot":{"x":-2.1451148986816408,"y":-7.519595146179199,"z":-2.4079384803771974},"rotation":{"x":0.24846431612968446,"y":-0.7515069842338562,"z":0.4376983046531677,"w":0.426595002412796},"size":15.368804931640625,"orthographic":false}