{"cameraMode":{"drawMode":2,"name":"Shaded Wireframe","section":"Shading Mode"},"sceneLighting":true,"audioPlay":false,"sceneViewState":{"showFog":true,"showMaterialUpdate":false,"showSkybox":true,"showFlares":true,"showImageEffects":true,"showParticleSystems":true},"in2DMode":false,"pivot":{"x":0.2932329475879669,"y":-6.920444488525391,"z":-2.4625039100646974},"rotation":{"x":-0.015290179289877415,"y":-0.8711726069450378,"z":0.49004679918289187,"w":-0.02719562128186226},"size":14.938787460327149,"orthographic":false}