{"cameraMode":{"drawMode":2,"name":"Shaded Wireframe","section":"Shading Mode"},"sceneLighting":true,"audioPlay":false,"sceneViewState":{"showFog":true,"showMaterialUpdate":false,"showSkybox":true,"showFlares":true,"showImageEffects":true,"showParticleSystems":true},"in2DMode":false,"pivot":{"x":-7.461093902587891,"y":0.6941738128662109,"z":-4.386534214019775},"rotation":{"x":0.09165171533823013,"y":-0.8235514760017395,"z":0.13915248215198518,"w":0.5422680377960205},"size":16.85129737854004,"orthographic":false}