{"cameraMode":{"drawMode":0,"name":"Shaded","section":"Shading Mode"},"sceneLighting":true,"audioPlay":false,"sceneViewState":{"showFog":true,"showMaterialUpdate":false,"showSkybox":true,"showFlares":true,"showImageEffects":true,"showParticleSystems":true},"in2DMode":false,"pivot":{"x":-0.6265814900398254,"y":-2.5241098403930666,"z":-0.8163275718688965},"rotation":{"x":0.17047016322612763,"y":-0.7904559373855591,"z":0.5307618975639343,"w":0.25390201807022097},"size":4.42913818359375,"orthographic":false}