{"cameraMode":{"drawMode":2,"name":"Shaded Wireframe","section":"Shading Mode"},"sceneLighting":true,"audioPlay":false,"sceneViewState":{"showFog":true,"showMaterialUpdate":false,"showSkybox":true,"showFlares":true,"showImageEffects":true,"showParticleSystems":true},"in2DMode":false,"pivot":{"x":0.17655211687088014,"y":-6.792933464050293,"z":-2.76983642578125},"rotation":{"x":0.00962967798113823,"y":-0.8918908834457398,"z":0.4518163204193115,"w":0.01899411529302597},"size":11.588289260864258,"orthographic":false}